[
{
  "model": "account.user",
  "pk": 1,
  "fields": {
    "password": "pbkdf2_sha256$100000$L4zEB30N85v8$T/4CI3aJzu2Epmji150XtFQjPDVW9Gfx110VOuyKUHU=",
    "last_login": "2018-03-17T18:03:38.602Z",
    "is_superuser": true,
    "username": "7507285b-504c-4a79-8314-8cd06d84f446",
    "first_name": "Ali",
    "last_name": "Karbassi",
    "is_staff": true,
    "is_active": true,
    "date_joined": "2018-03-17T18:03:34.944Z",
    "email": "admin@admin.com",
    "gender": 2,
    "date_of_birth": "1986-05-06",
    "groups": [],
    "user_permissions": [],
    "locations": [
      1,
      2
    ]
  }
},
{
  "model": "account.gender",
  "pk": 1,
  "fields": {
    "gender": "Female",
    "referred_to_as": "F"
  }
},
{
  "model": "account.gender",
  "pk": 2,
  "fields": {
    "gender": "Male",
    "referred_to_as": "M"
  }
},
{
  "model": "account.gender",
  "pk": 3,
  "fields": {
    "gender": "Other",
    "referred_to_as": "O"
  }
},
{
  "model": "account.race",
  "pk": 1,
  "fields": {
    "race": "White"
  }
},
{
  "model": "account.race",
  "pk": 2,
  "fields": {
    "race": "Hispanic, Latino, or Spanish"
  }
},
{
  "model": "account.race",
  "pk": 3,
  "fields": {
    "race": "Black or African American"
  }
},
{
  "model": "account.race",
  "pk": 4,
  "fields": {
    "race": "Asian"
  }
},
{
  "model": "account.race",
  "pk": 5,
  "fields": {
    "race": "American Indian or Alaska Native"
  }
},
{
  "model": "account.race",
  "pk": 6,
  "fields": {
    "race": "Middle Eastern or North African"
  }
},
{
  "model": "account.race",
  "pk": 7,
  "fields": {
    "race": "Native Hawaiian or Other Pacific Islander"
  }
},
{
  "model": "account.race",
  "pk": 8,
  "fields": {
    "race": "Some Other Race or Ethnicity"
  }
},
{
  "model": "account.ethnicity",
  "pk": 1,
  "fields": {
    "ethnicity": "German",
    "race": 1
  }
},
{
  "model": "account.ethnicity",
  "pk": 2,
  "fields": {
    "ethnicity": "Irish",
    "race": 1
  }
},
{
  "model": "account.ethnicity",
  "pk": 3,
  "fields": {
    "ethnicity": "English",
    "race": 1
  }
},
{
  "model": "account.ethnicity",
  "pk": 4,
  "fields": {
    "ethnicity": "Italian",
    "race": 1
  }
},
{
  "model": "account.ethnicity",
  "pk": 5,
  "fields": {
    "ethnicity": "Polish",
    "race": 1
  }
},
{
  "model": "account.ethnicity",
  "pk": 6,
  "fields": {
    "ethnicity": "French",
    "race": 1
  }
},
{
  "model": "account.ethnicity",
  "pk": 7,
  "fields": {
    "ethnicity": "Mexican or Mexican American",
    "race": 2
  }
},
{
  "model": "account.ethnicity",
  "pk": 8,
  "fields": {
    "ethnicity": "Puerto Rican",
    "race": 2
  }
},
{
  "model": "account.ethnicity",
  "pk": 9,
  "fields": {
    "ethnicity": "Cuban",
    "race": 2
  }
},
{
  "model": "account.ethnicity",
  "pk": 10,
  "fields": {
    "ethnicity": "Salvadoran",
    "race": 2
  }
},
{
  "model": "account.ethnicity",
  "pk": 11,
  "fields": {
    "ethnicity": "Dominican",
    "race": 2
  }
},
{
  "model": "account.ethnicity",
  "pk": 12,
  "fields": {
    "ethnicity": "Colombian",
    "race": 2
  }
},
{
  "model": "account.ethnicity",
  "pk": 13,
  "fields": {
    "ethnicity": "African American",
    "race": 3
  }
},
{
  "model": "account.ethnicity",
  "pk": 14,
  "fields": {
    "ethnicity": "Jamaican",
    "race": 3
  }
},
{
  "model": "account.ethnicity",
  "pk": 15,
  "fields": {
    "ethnicity": "Haitian",
    "race": 3
  }
},
{
  "model": "account.ethnicity",
  "pk": 16,
  "fields": {
    "ethnicity": "Nigerian",
    "race": 3
  }
},
{
  "model": "account.ethnicity",
  "pk": 17,
  "fields": {
    "ethnicity": "Ethiopian",
    "race": 3
  }
},
{
  "model": "account.ethnicity",
  "pk": 18,
  "fields": {
    "ethnicity": "Somali",
    "race": 3
  }
},
{
  "model": "account.ethnicity",
  "pk": 19,
  "fields": {
    "ethnicity": "Chinese",
    "race": 4
  }
},
{
  "model": "account.ethnicity",
  "pk": 20,
  "fields": {
    "ethnicity": "Filipino",
    "race": 4
  }
},
{
  "model": "account.ethnicity",
  "pk": 21,
  "fields": {
    "ethnicity": "Asian Indian",
    "race": 4
  }
},
{
  "model": "account.ethnicity",
  "pk": 22,
  "fields": {
    "ethnicity": "Vietnamese",
    "race": 4
  }
},
{
  "model": "account.ethnicity",
  "pk": 23,
  "fields": {
    "ethnicity": "Korean",
    "race": 4
  }
},
{
  "model": "account.ethnicity",
  "pk": 24,
  "fields": {
    "ethnicity": "Japanese",
    "race": 4
  }
},
{
  "model": "account.ethnicity",
  "pk": 25,
  "fields": {
    "ethnicity": "Lebanese",
    "race": 6
  }
},
{
  "model": "account.ethnicity",
  "pk": 26,
  "fields": {
    "ethnicity": "Iranian",
    "race": 6
  }
},
{
  "model": "account.ethnicity",
  "pk": 27,
  "fields": {
    "ethnicity": "Egyptian",
    "race": 6
  }
},
{
  "model": "account.ethnicity",
  "pk": 28,
  "fields": {
    "ethnicity": "Syrian",
    "race": 6
  }
},
{
  "model": "account.ethnicity",
  "pk": 29,
  "fields": {
    "ethnicity": "Moroccan",
    "race": 6
  }
},
{
  "model": "account.ethnicity",
  "pk": 30,
  "fields": {
    "ethnicity": "Israeli",
    "race": 6
  }
},
{
  "model": "account.ethnicity",
  "pk": 31,
  "fields": {
    "ethnicity": "Native Hawaiian",
    "race": 7
  }
},
{
  "model": "account.ethnicity",
  "pk": 32,
  "fields": {
    "ethnicity": "Samoan",
    "race": 7
  }
},
{
  "model": "account.ethnicity",
  "pk": 33,
  "fields": {
    "ethnicity": "Charmorro",
    "race": 7
  }
},
{
  "model": "account.ethnicity",
  "pk": 34,
  "fields": {
    "ethnicity": "Tongan",
    "race": 7
  }
},
{
  "model": "account.ethnicity",
  "pk": 35,
  "fields": {
    "ethnicity": "Fijian",
    "race": 7
  }
},
{
  "model": "account.ethnicity",
  "pk": 36,
  "fields": {
    "ethnicity": "Marshallese",
    "race": 7
  }
},
{
  "model": "account.userraceethnicity",
  "pk": 1,
  "fields": {
    "user": 1,
    "race": 1,
    "ethnicity": null,
    "other": null
  }
},
{
  "model": "account.userraceethnicity",
  "pk": 2,
  "fields": {
    "user": 1,
    "race": 6,
    "ethnicity": null,
    "other": null
  }
},
{
  "model": "account.userraceethnicity",
  "pk": 3,
  "fields": {
    "user": 1,
    "race": null,
    "ethnicity": 26,
    "other": null
  }
}
]
